{"armature":[{"aabb":{"width":229.91050018540903,"y":-196.50533252830988,"height":394.00533252830985,"x":-117.41050018540905},"skin":[{"name":"","slot":[{"display":[{"weights":[2,2,0.7818568105691716,1,0.2181431894308283,2,2,0.7562159000268938,1,0.24378409997310627,2,2,0.20486812537900098,1,0.7951318746209991,2,2,0.21845180099429168,1,0.7815481990057083],"vertices":[-81.5,-144.5,81.5,-144.5,-81.5,144.5,81.5,144.5],"userEdges":[],"path":"1","edges":[0,1,1,3,3,2,2,0],"name":"1","type":"mesh","transform":{"skY":89.5631,"y":5.8364,"skX":89.5631,"x":-4.7556},"triangles":[1,0,3,0,2,3],"width":163,"bonePose":[2,0.008221534204392884,-0.9999662026165315,0.9999662026165315,0.008221534204392884,-0.7311639693776806,22.198650927674095,1,-0.012379270270562072,-0.9999233738980045,0.9999233738980045,-0.012379270270562072,1.5,137.8],"height":289,"slotPose":[0.9999998227113761,0.0005954638655578347,-0.0005954638655578347,0.9999998227113761,5.065976775793626,27.00210376710892],"uvs":[0,0,1,0,0,1,1,1]},{"weights":[2,2,0.6859552746633188,1,0.31404472533668115,2,2,0.7014083085000308,1,0.2985916914999693,2,2,0.30575427574583536,1,0.6942457242541646,2,2,0.2645526592625417,1,0.7354473407374583],"vertices":[-110,-184,110,-184,-110,184,110,184],"userEdges":[],"path":"2","edges":[0,1,1,3,3,2,2,0],"name":"2","type":"mesh","transform":{"skY":89.5631,"y":-6.9644,"skX":89.5631,"x":34.6479},"triangles":[0,1,2,1,3,2],"width":220,"bonePose":[2,0.008221534204392884,-0.9999662026165315,0.9999662026165315,0.008221534204392884,-0.7311639693776806,22.198650927674095,1,-0.012379270270562072,-0.9999233738980045,0.9999233738980045,-0.012379270270562072,1.5,137.8],"height":368,"slotPose":[0.9999998227113761,0.0005954638655576126,-0.0005954638655576126,0.9999998227113761,-7.4105001854090435,-12.505332528309857],"uvs":[0,0,1,0,0,1,1,1]},{"weights":[2,2,0.734392367597859,1,0.2656076324021411,2,2,0.7123416679533351,1,0.2876583320466648,2,2,0.21627349245984767,1,0.7837265075401524,2,2,0.2517961296283229,1,0.7482038703716771],"vertices":[-92,-188.5,92,-188.5,-92,188.5,92,188.5],"userEdges":[],"path":"2_0","edges":[0,1,1,3,3,2,2,0],"name":"3","type":"mesh","transform":{"skY":89.5289,"y":11.0694,"skX":89.5289,"x":30.2853},"triangles":[0,1,2,1,3,2],"width":184,"bonePose":[2,0.008221534204392884,-0.9999662026165315,0.9999662026165315,0.008221534204392884,-0.7311639693776806,22.198650927674095,1,-0.012379270270562072,-0.9999233738980045,0.9999233738980045,-0.012379270270562072,1.5,137.8],"height":377,"slotPose":[0.9999998227113761,0.0005954638655576126,-0.0005954638655576126,0.9999998227113761,10.586817036000717,-7.994614976528645],"uvs":[0,0,1,0,0,1,1,1]}],"name":"1"},{"display":[{"path":"4","type":"image","name":"4","transform":{"y":162,"x":7}}],"name":"4"}]}],"ik":[],"type":"Armature","name":"armatureName","bone":[{"name":"root","transform":{}},{"length":115,"transform":{"skY":-90.7093,"y":137.8,"skX":-90.7093,"x":1.5},"parent":"root","name":"1"},{"length":104,"transform":{"skY":1.1804,"y":-0.7999,"skX":1.1804,"x":115.6201},"parent":"1","name":"11"}],"slot":[{"name":"4","parent":"root","color":{}},{"z":1,"displayIndex":1,"name":"1","parent":"11","color":{}}],"animation":[{"bone":[{"frame":[{"duration":24,"transform":{}}],"name":"root"},{"frame":[{"tweenEasing":0,"duration":12,"transform":{}},{"tweenEasing":0,"duration":12,"transform":{}},{"duration":0,"transform":{}}],"name":"1"},{"frame":[{"tweenEasing":0,"duration":12,"transform":{}},{"tweenEasing":0,"duration":12,"transform":{"y":-0.1889,"x":-11.2844}},{"duration":0,"transform":{}}],"name":"11"}],"ffd":[],"duration":24,"playTimes":0,"frame":[],"slot":[{"frame":[{"tweenEasing":null,"duration":24}],"name":"1"}],"name":"1","ik":[]},{"bone":[{"frame":[{"duration":60,"transform":{}}],"name":"root"},{"frame":[{"duration":60,"transform":{}}],"name":"1"},{"frame":[{"tweenEasing":0,"duration":30,"transform":{}},{"tweenEasing":0,"duration":30,"transform":{"y":-0.216,"x":-17.4504}},{"duration":0,"transform":{}}],"name":"11"}],"ffd":[],"duration":60,"playTimes":0,"frame":[],"slot":[],"name":"2","ik":[]},{"bone":[{"frame":[{"duration":60,"transform":{}}],"name":"root"},{"frame":[{"duration":60,"transform":{}}],"name":"1"},{"frame":[{"tweenEasing":0,"duration":30,"transform":{}},{"tweenEasing":0,"duration":30,"transform":{"y":-0.216,"x":-17.4504}},{"duration":0,"transform":{}}],"name":"11"}],"ffd":[],"duration":60,"playTimes":0,"frame":[],"slot":[{"frame":[{"displayIndex":2,"tweenEasing":null,"duration":60}],"name":"1"}],"name":"3","ik":[]}],"frameRate":60,"defaultActions":[{"gotoAndPlay":"1"}]}],"frameRate":60,"name":"青蛙1站立","version":"4.5","isGlobal":0}