{"armature":[{"ik":[],"defaultActions":[{"gotoAndPlay":"走路"}],"skin":[{"name":"","slot":[{"display":[{"weights":[1,1,1,1,1,1,1,1,1,1,1,1,1,1,1,1,1,1,1,1,1,1,1,1,1,1,1,1,1,1],"vertices":[18.35,48.95,48.4,39.65,56,25.8,56,-30.7,26.95,-48.95,-26.75,-49,-56,-32.2,-56,24.75,-44.9,40.25,-15.7,49],"userEdges":[],"path":"脸","edges":[0,1,1,2,2,3,3,4,4,5,5,6,6,7,7,8,8,9,9,0],"name":"脸","type":"mesh","transform":{"skY":88.0585,"y":-2.042,"skX":88.0585,"x":43.653},"triangles":[0,1,2,4,0,2,4,2,3,9,0,4,5,9,4,5,7,9,6,7,5,7,8,9],"width":112,"bonePose":[1,0.033878845665757086,-0.9994259471398348,0.9994259471398348,0.033878845665757086,5.5,-64.9],"height":98,"slotPose":[1,0,0,1,4.938055747591932,-108.5971396624787],"uvs":[0.66384,0.99949,0.93214,0.90459,1,0.76327,1,0.18673,0.74062,0.00051,0.26116,0,0,0.17143,0,0.75255,0.09911,0.91071,0.35982,1]}],"name":"脸"},{"display":[{"weights":[2,19,0.5,18,0.5,2,19,0.5,18,0.5,3,17,0.41000000000000003,20,0.49,18,0.1,2,17,0.4,20,0.6,3,2,0.64,17,0.16,16,0.2,2,2,0.8,16,0.2,1,2,1,3,2,0.881872189930375,12,0.08521866618146574,16,0.03290914388815916,4,2,0.8060340081467953,12,0.13712428338571528,16,0.040991018829518784,17,0.015850689637970566,2,2,0.8,16,0.2,3,2,0.64,17,0.16,16,0.2,2,17,0.8,20,0.2,2,18,0.8,2,0.2,2,19,0.5,18,0.5,2,19,0.5,18,0.5],"vertices":[-83.1,195,-90.6,174,110.15,117.55,153.75,29.9,146.35,-65.2,97.2,-159.5,-59.75,-177.9,-66.75,-144.8,-43,-115.65,56.7,-91.6,85.15,-46.7,63.4,28.5,26.95,69.4,-158,106.85,-158.05,195],"userEdges":[],"path":"头发","edges":[0,1,1,2,2,3,3,4,4,5,5,6,6,7,7,8,8,9,9,10,10,11,11,12,12,13,13,14,14,0],"name":"头发","type":"mesh","transform":{"skY":-99.8772,"y":129.1471,"skX":-99.8772,"x":29.0475},"triangles":[5,9,4,11,2,3,4,10,3,10,11,3,9,10,4,11,12,2,8,9,5,6,8,5,13,1,12,6,7,8,1,14,0,13,14,1,12,1,2],"width":316,"bonePose":[2,-0.6114475010757654,-0.7912850013921666,0.7912850013921666,-0.6114475010757654,10.174035758221635,-228.6,12,0.9026474930733028,-0.43038064924956926,0.43038064924956926,0.9026474930733028,51.974035758221575,-225.19999999999996,16,0.4815330977699384,0.8764279067624935,-0.8764279067624935,0.4815330977699384,106.0240357582216,-222.44999999999996,17,-0.37967371570531866,0.9251204622115521,-0.9251204622115521,-0.37967371570531866,148.4740357582216,-111.54999999999998,20,-0.1715368245818641,0.9851777087471931,-0.9851777087471931,-0.1715368245818641,169.57403575822153,-95.85,18,-0.9682261524232987,0.25007622390697976,-0.25007622390697976,-0.9682261524232987,71.12403575822157,3.449999999999932,19,0.4353831045208941,0.9002452734103894,-0.9002452734103894,0.4353831045208941,-93.1759642417784,47.899999999999935],"height":390,"slotPose":[1,-8.326672684688674e-17,8.326672684688674e-17,1,31.998444150261378,-97.04317246081497],"uvs":[0.23703,1,0.21329,0.94615,0.84858,0.80141,0.98655,0.57667,0.96313,0.33282,0.80759,0.09103,0.31092,0.04385,0.28877,0.12872,0.36392,0.20346,0.67943,0.26513,0.76946,0.38026,0.70063,0.57308,0.58528,0.67795,0,0.77397,-0.00016,1]}],"name":"头发"},{"display":[{"weights":[2,23,0.3,5,0.7000000000000001,2,23,0.3,5,0.7000000000000001,2,23,0.3,5,0.7000000000000001,2,23,0.3,5,0.7000000000000001,3,5,0.6,23,0.2,14,0.2,1,5,1,1,5,1,1,5,1,1,5,1,1,5,1,1,5,1,1,5,1],"vertices":[57.7,63.5,80,49.3,80,34.4,48.55,-7.6,73.55,-25.65,33.3,-63.6,-23.05,-62.75,-60.65,-41,-45.2,-12.4,-80.05,18.7,-80,38.4,-32.3,63.5],"userEdges":[],"path":"身体","edges":[0,1,1,2,2,3,3,4,4,5,5,6,6,7,7,8,8,9,9,10,10,11,11,0],"name":"身体","type":"mesh","transform":{"skY":-71.0372,"y":32.2451,"skX":-71.0372,"x":-23.1912},"triangles":[0,1,2,3,0,2,5,3,4,3,11,0,5,6,3,6,8,3,8,11,3,8,9,11,9,10,11,7,8,6],"width":160,"bonePose":[5,0.06819294668982769,-0.9976721515717256,0.9976721515717256,0.06819294668982769,0,47.54017197428509,23,0.32495450086141564,0.945729650782879,-0.945729650782879,0.32495450086141564,39.6,10.640171974285138,14,-0.5479449844137003,0.836514371697144,-0.836514371697144,-0.5479449844137003,-27.699999999999946,0.7401719742851256],"height":127,"slotPose":[0.9999999999999988,-3.3306690738754696e-16,3.3306690738754696e-16,0.9999999999999988,1.5687981575346974,-0.8142856560829905],"uvs":[0.86062,1,1,0.88819,1,0.77087,0.80344,0.44016,0.95969,0.29803,0.70813,-0.00079,0.35594,0.00591,0.12094,0.17717,0.2175,0.40236,-0.00031,0.64724,0,0.80236,0.29813,1]}],"name":"身体"},{"display":[{"weights":[2,9,0.8,8,0.2,1,9,1,1,9,1,2,8,0.8,9,0.2,2,8,0.9126492732490216,9,0.08735072675097834,2,8,0.7585997341586849,9,0.24140026584131505],"vertices":[8.45,28.5,26.5,14.4,26.5,2.25,-12.45,-28.5,-26.5,-15.9,-14.85,4.75],"userEdges":[],"path":"右手","edges":[0,1,1,2,2,3,3,4,4,5,5,0],"name":"右手","type":"mesh","transform":{"skY":3.9565,"y":-13.4436,"skX":3.9565,"x":-6.9641},"triangles":[5,0,2,3,5,2,2,0,1,4,5,3],"width":53,"bonePose":[8,0.560548544951931,0.8281215664093485,-0.8281215664093485,0.560548544951931,59.99361733569939,-15.75,9,0.9976166995518355,-0.06899942590560221,0.06899942590560221,0.9976166995518355,80.4936173356994,13.450000000000003],"height":57,"slotPose":[1.0000000000000002,5.689893001203927e-16,-5.689893001203927e-16,1.0000000000000002,72.61851340589992,0.5189809234675259],"uvs":[0.65943,1,1,0.75263,1,0.53947,0.26509,0,0,0.22105,0.21981,0.58333]}],"name":"右手"},{"display":[{"weights":[2,10,0.8,4,0.2,2,4,0.8,10,0.2,2,4,0.8,10,0.2,3,4,0.55,10,0.28,22,0.17,2,22,0.9,4,0.1,2,22,0.9,4,0.1,2,22,0.9,4,0.1,2,22,0.9,4,0.1,2,22,0.9,4,0.1,2,22,0.9,4,0.1,2,22,0.9,4,0.1,2,22,0.9,4,0.1,2,22,0.8,10,0.2,3,10,0.6,4,0.2,22,0.2],"vertices":[24.2,60,57,18.55,46.1,2.2,19.1,21.1,4.3,-8.55,25.05,-25.4,14.95,-60,1.8,-60,-57,-26.65,-46.5,-6.45,-21.65,5.25,-10.65,-0.15,1.6,35.7,4.1,51.9],"userEdges":[],"path":"武器","edges":[0,1,1,2,2,3,3,4,4,5,5,6,6,7,7,8,8,9,9,10,10,11,11,12,12,13,13,0],"name":"武器","type":"mesh","transform":{"skY":111.6913,"y":2.2923,"skX":111.6913,"x":28.7748},"triangles":[2,3,1,3,0,1,3,12,0,12,13,0,6,7,5,7,4,5,4,11,3,11,12,3,8,9,11,8,11,7,7,11,4,9,10,11],"width":114,"bonePose":[4,-0.5224391343512177,0.8526765804795807,-0.8526765804795807,-0.5224391343512177,-45.353534371391646,-26.492768012861344,10,-0.8781566106319797,0.47837325092792776,-0.47837325092792776,-0.8781566106319797,-64.85353437139165,0.05723198713866395,22,-0.369605687237548,-0.9291886977151952,0.9291886977151952,-0.369605687237548,-84.10353437139165,-13.992768012861355],"height":120,"slotPose":[1,-2.220446049250313e-16,2.220446049250313e-16,1,-92.6088901527496,-41.57727980574578],"uvs":[0.71228,1,1,0.65458,0.90439,0.51833,0.66754,0.67583,0.53772,0.42875,0.71974,0.28833,0.63114,0,0.51579,0,0,0.27792,0.09211,0.44625,0.31009,0.54375,0.40658,0.49875,0.51404,0.7975,0.53596,0.9325]}],"name":"武器"},{"display":[{"weights":[2,7,0.09927043240996293,15,0.900729567590037,1,7,1,1,7,1,2,7,0.97,15,0.03,2,7,0.2,15,0.8,2,7,0.045877559441384864,15,0.9541224405586152],"vertices":[3.4,35.5,28,-19.55,28,-35.5,-13.05,-35.5,-28,27.3,-25.6,35.5],"userEdges":[],"path":"右脚","edges":[0,1,1,2,2,3,3,4,4,5,5,0],"name":"右脚","type":"mesh","transform":{"skY":-110.2984,"y":-1.3284,"skX":-110.2984,"x":9.8076},"triangles":[3,4,0,2,3,1,3,0,1,4,5,0],"width":56,"bonePose":[7,-0.15477031019466153,0.9879504800759235,-0.9879504800759235,-0.15477031019466153,25.458081486609327,48.200000000000024,15,-0.34690948690390244,0.9378986128020824,-0.9378986128020824,-0.34690948690390244,18.70808148660933,72.45000000000002],"height":71,"slotPose":[0.9999999999999997,-5.551115123125783e-17,5.551115123125783e-17,0.9999999999999997,16.551596648335398,82.10938926079884],"uvs":[0.56071,1,1,0.22465,1,0,0.26696,0,0,0.88451,0.04286,1]}],"name":"右脚"},{"display":[{"weights":[2,11,0.8,3,0.2,2,11,0.8,3,0.2,2,21,0.8,3,0.2,2,21,0.8,3,0.2,2,21,0.8,3,0.2,2,21,0.8,3,0.2,1,3,1,1,3,1,1,3,1,2,11,0.8,3,0.2,2,11,0.8,3,0.2,2,11,0.8,3,0.2],"vertices":[-53.35,83.8,-56.55,6.85,44.3,12.25,36.3,91,55.3,91,104,3.15,92.2,-56.35,46.55,-91,-82.65,-91,-104,-26.5,-91,44.5,-75.15,82.7],"userEdges":[],"path":"头发1","edges":[0,1,1,2,2,3,3,4,4,5,5,6,6,7,7,8,8,9,9,10,10,11,11,0],"name":"头发1","type":"mesh","transform":{"skY":-97.1089,"y":58.5013,"skX":-97.1089,