{"armature":[{"ik":[],"defaultActions":[{"gotoAndPlay":"newAnimation"}],"skin":[{"name":"","slot":[{"display":[{"weights":[3,9,0.41000000000000003,12,0.19,8,0.4,3,12,0.2,9,0.4,8,0.4,3,12,0.2,10,0.4,11,0.4,3,12,0.2,10,0.4,11,0.4,3,11,0.4,10,0.4,12,0.2,3,11,0.4,10,0.4,12,0.2,4,12,0.05061401522847389,11,0.7332549914274888,10,0.1635174430395246,2,0.05261355030451273,4,12,0.16566196323596324,11,0.5585985285615114,10,0.15035865873400533,2,0.12538084946851996,4,12,0.7610591576662668,11,0.08878487111602532,2,0.07818634762698795,9,0.07196962359072012,4,12,0.642574251247135,8,0.1315964830752957,9,0.1213349520769846,2,0.1044943136005848,3,12,0.8,8,0.1,9,0.1,3,8,0.27,9,0.23,12,0.5,3,12,0.2,8,0.4,9,0.4,3,12,0.2,9,0.4,8,0.4],"vertices":[-39.6,69.4,-43.1,51.85,37.9,51,38.95,70,80,58.55,80,47.7,62.15,6.6,29.65,-16.15,22.55,-70,-33.75,-70,-33.1,-19.15,-80,26.05,-80,63.5,-66.2,70],"userEdges":[],"path":"身子","edges":[0,1,1,2,2,3,3,4,4,5,5,6,6,7,7,8,8,9,9,10,10,11,11,12,12,13,13,0],"name":"身子","type":"mesh","transform":{"skY":-133.8735,"y":-25.5993,"skX":-133.8735,"x":-25.0281},"triangles":[2,3,4,2,4,5,6,2,5,7,2,6,10,1,7,7,1,2,9,10,8,8,10,7,11,1,10,1,13,0,12,13,1,11,12,1],"width":160,"bonePose":[12,0.004376325706085371,-0.9999904238408056,0.9999904238408056,0.004376325706085371,-2.399999999999997,-1.5,2,-0.07109622756787268,-0.9974694614000056,0.9974694614000056,-0.07109622756787268,1.25,49.15,10,0.775538947331352,0.6312997237225582,-0.6312997237225587,0.7755389473313513,12.179560648453704,12.383922264242386,11,0.6919231283776941,0.7219711797682956,-0.7219711797682963,0.6919231283776935,33.10060231068392,0.7815511373033761,9,-0.6391141051422974,0.7691119298308666,-0.7691119298308673,-0.6391141051422968,-14.25,0.599999999999987,8,-0.6912635715142872,0.722602708753096,-0.7226027087530965,-0.6912635715142865,-35.80068303517765,0.3539091279505655],"height":140,"slotPose":[0.9999968711436531,-0.0025015401064351628,0.002501540106434663,0.9999968711436533,-0.0015455102667978338,-0.035645069202914215],"uvs":[0.2525,0.99571,0.23062,0.87036,0.73688,0.86429,0.74344,1,1,0.91821,1,0.84071,0.88844,0.54714,0.68531,0.38464,0.64094,0,0.28906,0,0.29312,0.36321,0,0.68607,0,0.95357,0.08625,1]}],"name":"身子"},{"display":[{"weights":[1,20,1,1,20,1,1,20,1,1,20,1,1,20,1,1,20,1,1,20,1],"vertices":[14.1,29,20,19.85,20,-3.95,11.8,-29,-8.1,-29,-20,-8.7,-20,28.5],"userEdges":[],"path":"辫子4","edges":[0,1,1,2,2,3,3,4,4,5,5,6,6,0],"name":"辫子4","type":"mesh","transform":{"skY":-87.7506,"y":3.2679,"skX":-87.7506,"x":9.7862},"triangles":[3,4,2,4,5,2,6,0,1,5,6,1,2,5,1],"width":40,"bonePose":[20,0.03924960147334065,0.9992294375088154,-0.9992294375088155,0.03924960147334066,72.85,-118.39999999999998],"height":58,"slotPose":[1,4.440892098500626e-16,-6.661338147750939e-16,0.9999999999999999,69.96871427209051,-108.49305811627738],"uvs":[0.8525,1,1,0.84224,1,0.4319,0.795,0,0.2975,0,0,0.35,0,0.99138]}],"name":"辫子4"},{"display":[{"weights":[1,7,1,1,7,1,1,7,1,1,7,1,1,7,1,1,7,1,1,7,1,1,7,1,1,7,1,1,7,1,1,7,1,1,7,1],"vertices":[-30.2,69.5,-20.7,58.4,-20.9,34.15,11.9,32.95,10.7,55.3,18.85,69.1,85.85,69.5,85.55,21.1,55.15,-69.25,-24.25,-69.5,-86,21.3,-86,69.5],"userEdges":[],"path":"头发","edges":[0,1,1,2,2,3,3,4,4,5,5,6,6,7,7,8,8,9,9,10,10,11,11,0],"name":"头发","type":"mesh","transform":{"skY":83.4568,"y":1.3643,"skX":83.4568,"x":12.713},"triangles":[8,3,7,3,5,7,7,5,6,3,4,5,9,3,8,9,2,3,9,10,2,10,0,2,2,0,1,10,11,0],"width":172,"bonePose":[7,0.11395292690716412,-0.9934861501044141,0.9934861501044141,0.11395292690716434,-4.5,-169.7],"height":139,"slotPose":[1,0,-1.3877787807814457e-17,0.9999999999999999,-1.6958982578374795,-182.1747019729718],"uvs":[0.32442,1,0.37965,0.92014,0.37849,0.74568,0.56919,0.73705,0.56221,0.89784,0.60959,0.99712,0.99913,1,0.99738,0.6518,0.82064,0.0018,0.35901,0,0,0.65324,0,1]}],"name":"头发"},{"display":[{"weights":[1,18,1,1,18,1,1,18,1,1,18,1,1,18,1,1,18,1,1,18,1,1,18,1],"vertices":[-2.65,63.5,-9.75,32.1,35.7,2.25,49.5,-38.7,35.4,-63.5,8.65,-63.5,-49.5,-7.6,-49.5,63.45],"userEdges":[],"path":"辫子1","edges":[0,1,1,2,2,3,3,4,4,5,5,6,6,7,7,0],"name":"辫子1","type":"mesh","transform":{"skY":-128.684,"y":-5.9326,"skX":-128.684,"x":45.0324},"triangles":[4,5,3,5,2,3,5,6,2,6,1,2,1,7,0,6,7,1],"width":99,"bonePose":[18,-0.6250243890633829,0.7806052222961006,-0.7806052222961007,-0.625024389063383,-88.15,-184.95],"height":127,"slotPose":[0.9999999999999999,5.551115123125783e-17,-4.440892098500626e-16,1.0000000000000002,-111.66538755914492,-146.08944511444454],"uvs":[0.47323,1,0.40152,0.75276,0.86061,0.51772,1,0.19528,0.85758,0,0.58737,0,0,0.44016,0,0.99961]}],"name":"辫子1"},{"display":[{"weights":[1,19,1,1,19,1,1,19,1,1,19,1,1,19,1,1,19,1],"vertices":[12,26.5,33,17.95,25.4,-26.5,8.5,-26.5,-6.5,8.45,-5.5,26.45],"userEdges":[],"path":"辫子3","edges":[0,1,1,2,2,3,3,4,4,5,5,0],"name":"辫子3","type":"mesh","transform":{"skY":-97.7075,"y":14.0817,"skX":-97.7075,"x":17.1829},"triangles":[4,0,1,2,3,1,3,4,1,4,5,0],"width":66,"bonePose":[19,-0.13411565673743306,0.9909656858932537,-0.9909656858932538,-0.1341156567374331,-71.95000000000002,-112.09999999999997],"height":53,"slotPose":[1,0,-4.163336342344337e-16,1,-88.20902646336154,-96.96087541193619],"uvs":[0.68182,1,1,0.83868,0.88485,0,0.62879,0,0.40152,0.65943,0.41667,0.99906]}],"name":"辫子3"},{"display":[{"weights":[1,6,1,1,6,1,1,6,1,1,6,1,1,6,1,1,6,1,1,6,1,1,6,1,1,6,1],"vertices":[12.7,49.55,45,35.3,53.5,20,53.5,-13.45,34.25,-49.3,-32.6,-49.55,-53.5,-28.8,-53.5,33.7,-22.8,49.55],"userEdges":[],"path":"脸","edges":[0,1,1,2,2,3,3,4,4,5,5,6,6,7,7,8,8,0],"name":"脸","type":"mesh","transform":{"skY":89.8152,"y":7.1768,"skX":89.8152,"x":41.6511},"triangles":[0,1,2,4,5,3,5,0,3,0,2,3,5,6,8,5,8,0,6,7,8],"width":107,"bonePose":[6,0.00322578966815108,-0.9999947971269737,0.9999947971269739,0.0032257896681510806,-1.2499999999999432,-76.64999999999998],"height":99,"slotPose":[0.9999999999999999,4.336808689942018e-19,4.336808689942018e-19,1,1.9999999999999956,-123.5],"uvs":[0.61869,1.00051,0.92056,0.85657,1,0.70202,1,0.36414,0.82009,0.00202,0.19533,-0.00051,0,0.20909,0,0.8404,0.28692,1.00051]}],"name":"脸"},{"display":[{"weights":[2,17,0.8,5,0.2,1,5,1,1,5,1,1,5,1,2,17,0.8,5,0.2],"vertices":[-7.65,35.5,-20.5,-6.45,-20.5,-35.35,20.5,-35.35,20.5,35.5],"userEdges":[],"path":"左脚","edges":[0,1,1,2,2,3,3,4,4,0],"name":"左脚","type":"mesh","transform":{"skY":-78.6901,"y":1.7062,"skX":-78.6901,"x":-0.9021},"triangles":[2,1,3,3,1,4,1,0,4],"width":41,"bonePose":[5,0.12264129113353149,0.9924510636344245,-0.9924510636344249,0.12264129113353155,-117.15000000000002,83.19999999999999,17,0.19611613513818468,0.9805806756909201,-0.9805806756909206,0.1961161351381847,-113.15,116.05],"height":71,"slotPose":[1,-2.498001805406602e-16,1.3877787807814457e-16,1,-114.99999999999999,115.5],"uvs":[0.31341,1,0,0.40915,0,0.00211,1,0.00211,1,1]}],"name":"左脚"},{"display":[{"weights":[2,15,0.79,4,0.21,1,4,1,1,4,1,1,4,1,2,15,0.79,4,0.21,2,15,0.79,4,0.21],"vertices":[-7.2,33.5,40,-4.6,40,-33.1,15.5,-32.8,-40.05,17.6,-39.45,33.5],"userEdges":[],"path":"左手","edges":[0,1,1,2,2,3,3,4,4,5,5,0],"name":"左手","type":"mesh","transform":{"skY":-169.3254,"y":16.8176,"skX":-169.3254,"x":-11.4635},"triangles":[3,0,1,3,1,2,4,0,3,4,5,0],"width":80,"bonePose":[4,-0.6731768402024799,0.7394815358174976,-0.7394815358174988,-0.6731768402024786,-173.35000000000002,-22.30000000000001,15,-0.982695150792515,0.18523023675652467,-0.18523023675652478,-0.9826951507925132,-213.15000000000003,21.149999999999963],"height":67,"slotPose":[1.0000000000000007,3.0531133177191805e-16,-5.273559366969494e-16,0.9999999999999991,-205.00000000000003,2.499999999999985],"uvs":[0.41,1,1,0.43134,1,0.00597,0.69375,0.01045,-0.00062,0.76269,0.00687,1]}],"name":"左手"},{"display":[{"weights":[1,14,1,1,14,1,1,14,1,1,14,1,1,14,1,1,14,1,1,14,1,1,14,1],"vertices":[28.35,61,45.45,48.55,43.95,-8.7,-3.55,-61,-29.05,-61,-46,-38.7,-46,0.85,13.6,61],"userEdges":[],"path":"辫子2","edges":[0,1,1,2,2,3,3,4,4,5,5,6,6,7,7,0],"name":"辫子2","type":"mesh","transform":{"skY":-51.9276,"y":3.9477,